<?xml version="1.0" encoding="utf-8"?>
<extension type="component" version="1.7.0" method="upgrade">

	<name>Hello World!</name>
	<!-- The following elements are optional and free of formatting constraints -->
	<creationDate>Once upon a time</creationDate>
	<author>John Doe</author>
	<authorEmail>john.doe@example.org</authorEmail>
	<authorUrl>http://www.example.org</authorUrl>
	<copyright>Copyright Info</copyright>
	<license>License Info</license>
	<!--  The version string is stored in the components table -->
	<version>0.0.1</version>
	<!-- The description is optional and defaults to the name -->
	<description>Description of the Hello World component ...</description>

	<!-- Note the folder attribute: This attribute describes the folder
		to copy FROM in the package to install therefore files copied
		in this section are copied from "site/" in the package -->
	<files folder="site">
		<filename>index.html</filename>
		<filename>helloworld.php</filename>
	</files>

	<administration>
		<menu>Hello World!</menu>
		<!-- Note the folder attribute: This attribute describes the folder
			to copy FROM in the package to install therefore files copied
			in this section are copied from "admin/" in the package -->
		<files folder="admin">
			<filename>index.html</filename>
			<filename>helloworld.php</filename>
		</files>
	</administration>

</extension>
